signup_month,cohort_index,retention_rate
2026-01,0,0.689
2026-02,0,0.648
2026-03,0,0.637
2026-04,0,0.645
2026-05,0,0.62
2026-06,0,0.665
2026-07,0,0.681
2026-08,0,0.674
2026-09,0,0.669
2026-10,0,0.664
2026-11,0,0.651
2026-12,0,0.623
2026-01,1,0.88
2026-02,1,0.887
2026-03,1,0.922
2026-04,1,0.901
2026-05,1,0.911
2026-06,1,0.9
2026-07,1,0.912
2026-08,1,0.931
2026-09,1,0.865
2026-10,1,0.902
2026-11,1,0.89
2026-12,1,0.96
2026-01,2,0.91
2026-02,2,0.887
2026-03,2,0.922
2026-04,2,0.919
2026-05,2,0.93
2026-06,2,0.929
2026-07,2,0.89
2026-08,2,0.903
2026-09,2,0.939
2026-10,2,0.937
2026-11,2,0.884
2026-12,2,0.914
2026-01,3,0.922
2026-02,3,0.931
2026-03,3,0.933
2026-04,3,0.936
2026-05,3,0.93
2026-06,3,0.912
2026-07,3,0.863
2026-08,3,0.92
2026-09,3,0.878
2026-10,3,0.944
2026-11,3,0.855
2026-12,3,0.903
2026-01,4,0.94
2026-02,4,0.918
2026-03,4,0.944
2026-04,4,0.919
2026-05,4,0.899
2026-06,4,0.929
2026-07,4,0.923
2026-08,4,0.891
2026-09,4,0.912
2026-10,4,0.902
2026-11,4,0.959
2026-12,4,0.891
2026-01,5,0.838
2026-02,5,0.899
2026-03,5,0.888
2026-04,5,0.913
2026-05,5,0.93
2026-06,5,0.882
2026-07,5,0.868
2026-08,5,0.926
2026-09,5,0.838
2026-10,5,0.874
2026-11,5,0.901
2026-12,5,0.903
2026-01,6,0.671
2026-02,6,0.541
2026-03,6,0.419
2026-04,6,0.552
2026-05,6,0.532
2026-06,6,0.553
2026-07,6,0.451
2026-08,6,0.434
2026-09,6,0.507
2026-10,6,0.601
2026-11,6,0.576
2026-12,6,0.623
