month,MAU,MRR,active_subscribers,paid_users,ARPU,churn_rate,avg_session_duration,new_signups
2026-01-01,115,7000,4,2,3500.0,0.0,14.7,167
2026-02-01,250,239000,173,73,3273.97,0.024,15.33,159
2026-03-01,407,485000,328,151,3211.92,0.0497,15.46,179
2026-04-01,571,753000,490,231,3259.74,0.0474,15.54,172
2026-05-01,723,1008000,638,306,3294.12,0.0473,15.74,158
2026-06-01,868,1228000,767,380,3231.58,0.0696,15.39,170
2026-07-01,1009,1436000,887,439,3271.07,0.0626,15.89,182
2026-08-01,992,1630000,1011,500,3260.0,0.0547,15.52,175
2026-09-01,953,1807000,1132,554,3261.73,0.04,15.4,148
2026-10-01,938,1980000,1231,609,3251.23,0.0358,15.4,143
2026-11-01,943,2181000,1335,672,3245.54,0.0279,15.74,172
2026-12-01,934,2418000,1470,741,3263.16,0.0424,15.49,175
2027-01-01,834,2580000,1576,792,3257.58,0.0241,15.55,0
2027-02-01,636,2534000,1538,775,3269.68,0.0241,15.35,0
2027-03-01,523,2474000,1501,757,3268.16,0.0233,15.58,0
2027-04-01,397,2417000,1466,739,3270.64,0.0143,15.9,0
2027-05-01,257,2376000,1445,726,3272.73,0.0111,15.05,0
2027-06-01,109,2351000,1429,718,3274.37,0.0028,15.6,0
