user_id,plan_type,start_date,monthly_price,end_date
1,Free,2026-06-06,0,
2,Free,2026-09-25,0,2026-12-07
3,Free,2026-01-14,0,
4,Free,2026-06-01,0,
5,Free,2026-03-28,0,
6,Free,2026-08-23,0,2027-02-18
7,Free,2026-09-08,0,2026-12-28
8,Basic,2026-06-13,2000,
9,Basic,2026-12-20,2000,
10,Basic,2026-08-16,2000,
11,Free,2026-10-17,0,
12,Free,2026-09-19,0,
13,Free,2026-08-30,0,2027-02-13
14,Free,2026-01-17,0,
15,Basic,2026-05-20,2000,
16,Free,2026-02-24,0,
17,Basic,2026-10-26,2000,
18,Free,2026-07-09,0,
19,Free,2026-06-23,0,
20,Basic,2026-11-07,2000,2027-03-29
21,Basic,2026-02-09,2000,2026-05-08
22,Free,2026-08-17,0,2026-12-03
23,Pro,2026-10-06,5000,2027-03-06
24,Free,2026-11-24,0,
25,Free,2026-02-09,0,
26,Free,2026-03-05,0,
27,Free,2026-10-04,0,
28,Free,2026-02-04,0,
29,Free,2026-08-01,0,2026-10-20
30,Free,2026-03-06,0,
31,Pro,2026-11-16,5000,
32,Basic,2026-03-07,2000,
33,Free,2026-04-12,0,
34,Basic,2026-03-24,2000,
35,Basic,2026-08-12,2000,
36,Free,2026-08-02,0,2026-09-27
37,Basic,2026-06-04,2000,
38,Pro,2026-05-09,5000,
39,Basic,2026-12-13,2000,
40,Basic,2026-05-05,2000,2026-08-30
41,Free,2026-02-08,0,
42,Free,2026-01-31,0,
43,Basic,2026-02-19,2000,
44,Free,2026-09-23,0,2026-11-30
45,Free,2026-01-18,0,
46,Free,2026-12-28,0,
47,Basic,2026-11-27,2000,2027-04-12
48,Basic,2026-04-29,2000,2026-08-05
49,Basic,2026-10-09,2000,
50,Free,2026-08-06,0,
51,Free,2026-08-12,0,2026-09-26
52,Free,2026-09-24,0,
53,Free,2026-05-22,0,
54,Basic,2026-07-07,2000,
55,Free,2026-09-06,0,
56,Basic,2026-09-26,2000,
57,Free,2026-05-29,0,
58,Pro,2026-07-23,5000,
59,Free,2026-06-20,0,
60,Basic,2026-01-10,2000,
61,Pro,2026-09-30,5000,
62,Basic,2026-10-06,2000,
63,Free,2026-05-21,0,
64,Free,2026-10-12,0,
65,Free,2026-07-15,0,
66,Basic,2026-02-25,2000,
67,Free,2026-08-24,0,
68,Free,2026-05-07,0,2026-08-31
69,Free,2026-10-14,0,
70,Free,2026-07-09,0,
71,Free,2026-05-04,0,
72,Pro,2026-07-21,5000,2026-09-06
73,Free,2026-12-24,0,
74,Free,2026-11-30,0,
75,Free,2026-11-02,0,
76,Basic,2026-11-12,2000,2027-04-08
77,Basic,2026-02-25,2000,2026-08-23
78,Pro,2026-03-01,5000,
79,Basic,2026-07-07,2000,
80,Free,2026-09-07,0,
81,Pro,2026-06-23,5000,
82,Pro,2026-03-26,5000,
83,Free,2026-01-08,0,
84,Pro,2026-08-10,5000,
85,Free,2026-01-18,0,
86,Free,2026-04-12,0,2026-07-09
87,Free,2026-01-15,0,2026-04-23
88,Free,2026-06-08,0,2026-08-16
89,Pro,2026-04-08,5000,
90,Free,2026-12-28,0,
91,Basic,2026-02-06,2000,2026-05-10
92,Basic,2026-09-25,2000,2027-01-10
93,Basic,2026-12-01,2000,
94,Basic,2026-04-07,2000,2026-08-24
95,Pro,2026-04-16,5000,
96,Free,2026-11-16,0,
97,Free,2026-04-10,0,
98,Free,2026-08-14,0,2026-12-04
99,Free,2026-07-20,0,
100,Pro,2026-09-08,5000,
101,Free,2026-12-26,0,
102,Basic,2026-10-14,2000,
103,Free,2026-01-30,0,
104,Basic,2026-05-29,2000,
105,Free,2026-04-13,0,
106,Free,2026-12-08,0,
107,Free,2026-08-21,0,
108,Pro,2026-07-28,5000,
109,Basic,2026-04-23,2000,
110,Free,2026-09-05,0,2027-01-20
111,Free,2026-02-20,0,
112,Pro,2026-05-25,5000,
113,Basic,2026-05-27,2000,
114,Basic,2026-10-15,2000,
115,Free,2026-09-10,0,
116,Basic,2026-03-08,2000,
117,Free,2026-06-13,0,
118,Free,2026-05-13,0,
119,Free,2026-09-29,0,
120,Pro,2026-09-21,5000,2026-11-07
121,Basic,2026-11-01,2000,
122,Basic,2026-07-13,2000,
123,Free,2026-05-28,0,2026-11-22
124,Basic,2026-02-21,2000,
125,Free,2026-02-06,0,
126,Basic,2026-12-08,2000,
127,Basic,2026-03-23,2000,2026-08-18
128,Free,2026-10-20,0,
129,Basic,2026-04-08,2000,2026-07-02
130,Pro,2026-04-16,5000,2026-08-12
131,Basic,2026-01-19,2000,
132,Basic,2026-06-03,2000,
133,Free,2026-10-28,0,2027-03-30
134,Pro,2026-07-06,5000,2026-12-11
135,Pro,2026-06-24,5000,2026-08-12
136,Basic,2026-07-21,2000,2026-10-08
137,Free,2026-11-14,0,2027-01-24
138,Free,2026-03-17,0,
139,Free,2026-02-15,0,
140,Free,2026-01-13,0,
141,Free,2026-03-15,0,
142,Free,2026-06-20,0,2026-10-09
143,Free,2026-05-23,0,2026-09-07
144,Pro,2026-05-02,5000,
145,Basic,2026-01-29,2000,
146,Basic,2026-06-19,2000,
147,Pro,2026-03-30,5000,
148,Free,2026-09-29,0,2027-01-11
149,Free,2026-11-09,0,
150,Basic,2026-09-07,2000,
151,Free,2026-12-21,0,
152,Free,2026-04-29,0,
153,Free,2026-11-23,0,2027-02-13
154,Free,2026-09-27,0,
155,Free,2026-10-04,0,
156,Basic,2026-03-22,2000,
157,Free,2026-01-11,0,
158,Free,2026-12-29,0,
159,Basic,2026-10-16,2000,2027-03-05
160,Free,2026-07-28,0,
161,Pro,2026-03-12,5000,
162,Free,2026-02-08,0,
163,Free,2026-06-24,0,
164,Pro,2026-05-11,5000,
165,Pro,2026-03-11,5000,
166,Free,2026-10-16,0,
167,Free,2026-03-06,0,
168,Pro,2026-01-06,5000,
169,Free,2026-09-11,0,
170,Basic,2026-12-24,2000,
171,Pro,2026-11-23,5000,2027-01-03
172,Free,2026-12-12,0,
173,Basic,2026-04-12,2000,
174,Pro,2026-12-15,5000,
175,Free,2026-07-05,0,
176,Basic,2026-02-04,2000,
177,Free,2026-01-14,0,
178,Free,2026-01-18,0,2026-05-26
179,Pro,2026-02-15,5000,
180,Free,2026-03-09,0,
181,Free,2026-07-25,0,
182,Basic,2026-04-11,2000,2026-09-06
183,Free,2026-09-01,0,2026-12-26
184,Pro,2026-07-28,5000,
185,Basic,2026-10-24,2000,
186,Free,2026-12-26,0,
187,Free,2026-05-24,0,
188,Free,2026-11-02,0,
189,Free,2026-06-07,0,
190,Basic,2026-06-16,2000,
191,Basic,2026-02-24,2000,2026-05-01
192,Pro,2026-11-27,5000,
193,Basic,2026-11-16,2000,2027-03-29
194,Pro,2026-11-28,5000,
195,Basic,2026-06-20,2000,
196,Pro,2026-12-30,5000,2027-06-16
197,Basic,2026-11-16,2000,
198,Free,2026-05-02,0,
199,Free,2026-08-17,0,
200,Basic,2026-03-16,2000,2026-09-10
201,Free,2026-07-20,0,
202,Free,2026-08-05,0,2027-01-05
203,Free,2026-03-29,0,
204,Free,2026-04-27,0,
205,Pro,2026-03-30,5000,
206,Free,2026-11-06,0,
207,Basic,2026-09-11,2000,
208,Pro,2026-09-10,5000,
209,Basic,2026-01-13,2000,
210,Free,2026-10-21,0,
211,Pro,2026-04-03,5000,
212,Free,2026-03-16,0,
213,Basic,2026-08-26,2000,
214,Basic,2026-01-06,2000,
215,Free,2026-12-31,0,
216,Free,2026-04-29,0,
217,Free,2026-08-03,0,2026-12-22
218,Free,2026-04-27,0,2026-08-10
219,Free,2026-08-15,0,
220,Free,2026-12-21,0,
221,Free,2026-03-13,0,
222,Free,2026-04-08,0,
223,Free,2026-02-02,0,
224,Free,2026-05-12,0,
225,Free,2026-07-15,0,
226,Basic,2026-05-23,2000,
227,Free,2026-07-28,0,2027-01-02
228,Basic,2026-05-21,2000,
229,Pro,2026-06-06,5000,2026-11-05
230,Free,2026-08-06,0,
231,Free,2026-03-23,0,2026-06-10
232,Free,2026-03-15,0,
233,Basic,2026-09-12,2000,
234,Free,2026-12-13,0,
235,Basic,2026-11-09,2000,
236,Pro,2026-07-16,5000,
237,Free,2026-03-30,0,
238,Free,2026-05-19,0,
239,Pro,2026-01-16,5000,
240,Free,2026-01-13,0,2026-06-17
241,Free,2026-01-22,0,
242,Free,2026-03-06,0,2026-07-02
243,Basic,2026-04-27,2000,
244,Free,2026-05-16,0,2026-06-24
245,Free,2026-06-05,0,2026-10-13
246,Basic,2026-05-21,2000,
247,Basic,2026-07-26,2000,2026-12-20
248,Free,2026-03-14,0,
249,Free,2026-06-17,0,
250,Free,2026-11-06,0,2027-01-18
251,Free,2026-03-25,0,
252,Basic,2026-07-02,2000,2026-08-27
253,Basic,2026-05-23,2000,
254,Pro,2026-09-04,5000,
255,Free,2026-02-10,0,
256,Free,2026-01-14,0,
257,Free,2026-06-27,0,
258,Free,2026-03-05,0,
259,Free,2026-01-29,0,
260,Free,2026-10-08,0,
261,Pro,2026-12-29,5000,2027-05-25
262,Pro,2026-07-25,5000,
263,Pro,2026-01-30,5000,2026-04-01
264,Basic,2026-09-22,2000,
265,Free,2026-11-14,0,
266,Basic,2026-05-29,2000,2026-07-19
267,Free,2026-06-27,0,
268,Free,2026-03-01,0,2026-08-16
269,Free,2026-08-18,0,
270,Free,2026-06-27,0,
271,Pro,2026-12-22,5000,
272,Basic,2026-04-04,2000,2026-07-02
273,Basic,2026-12-27,2000,
274,Free,2026-01-27,0,2026-04-20
275,Free,2026-02-01,0,2026-05-20
276,Free,2026-09-04,0,
277,Basic,2026-06-03,2000,
278,Free,2026-07-21,0,
279,Free,2026-01-17,0,
280,Free,2026-01-15,0,2026-06-13
281,Free,2026-11-01,0,
282,Free,2026-03-21,0,
283,Pro,2026-11-20,5000,
284,Pro,2026-01-06,5000,
285,Free,2026-07-11,0,2026-10-30
286,Pro,2026-11-29,5000,
287,Free,2026-01-22,0,
288,Free,2026-07-14,0,
289,Free,2026-09-01,0,2027-02-22
290,Free,2026-07-13,0,
291,Free,2026-09-16,0,
292,Pro,2026-04-05,5000,2026-09-01
293,Free,2026-04-06,0,
294,Free,2026-09-22,0,
295,Free,2026-08-16,0,
296,Free,2026-04-18,0,
297,Basic,2026-09-08,2000,
298,Basic,2026-03-23,2000,
299,Free,2026-02-20,0,2026-06-18
300,Free,2026-03-25,0,2026-08-14
301,Free,2026-04-26,0,2026-05-29
302,Free,2026-05-21,0,
303,Free,2026-09-14,0,
304,Free,2026-06-06,0,
305,Pro,2026-03-27,5000,
306,Basic,2026-10-18,2000,
307,Basic,2026-04-22,2000,
308,Basic,2026-07-06,2000,
309,Basic,2026-12-10,2000,2027-05-29
310,Free,2026-01-23,0,
311,Free,2026-12-24,0,2027-02-24
312,Basic,2026-06-15,2000,
313,Free,2026-10-02,0,2027-02-21
314,Free,2026-08-15,0,
315,Pro,2026-08-26,5000,
316,Free,2026-02-05,0,2026-07-11
317,Basic,2026-02-06,2000,
318,Pro,2026-02-12,5000,
319,Pro,2026-04-16,5000,2026-08-22
320,Free,2026-03-26,0,
321,Free,2026-09-04,0,2026-12-17
322,Basic,2026-10-08,2000,
323,Free,2026-07-14,0,2026-12-17
324,Basic,2026-12-06,2000,
325,Free,2026-06-10,0,2026-07-17
326,Basic,2026-09-17,2000,2027-01-15
327,Basic,2026-10-06,2000,2027-02-14
328,Free,2026-03-11,0,
329,Free,2026-10-17,0,
330,Free,2026-06-05,0,
331,Basic,2026-10-08,2000,2026-11-14
332,Free,2026-09-01,0,2026-12-08
333,Pro,2026-08-08,5000,2026-12-14
334,Free,2026-12-01,0,
335,Basic,2026-12-12,2000,
336,Free,2026-02-01,0,
337,Basic,2026-06-01,2000,2026-08-04
338,Pro,2026-04-28,5000,
339,Basic,2026-03-02,2000,
340,Free,2026-04-16,0,
341,Free,2026-05-21,0,
342,Basic,2026-11-21,2000,
343,Free,2026-06-06,0,
344,Free,2026-08-02,0,
345,Pro,2026-02-08,5000,
346,Free,2026-10-08,0,
347,Free,2026-04-22,0,
348,Basic,2026-07-04,2000,2026-12-03
349,Basic,2026-08-31,2000,
350,Free,2026-12-14,0,
351,Free,2026-05-05,0,
352,Free,2026-04-18,0,
353,Basic,2026-07-02,2000,
354,Free,2026-12-13,0,
355,Free,2026-12-29,0,
356,Basic,2026-06-23,2000,
357,Basic,2026-10-13,2000,2026-12-26
358,Free,2026-11-09,0,
359,Free,2026-05-18,0,
360,Basic,2026-07-08,2000,2026-11-16
361,Pro,2026-08-11,5000,
362,Free,2026-02-15,0,
363,Free,2026-12-08,0,2027-01-07
364,Free,2026-01-01,0,
365,Pro,2026-12-08,5000,
366,Basic,2026-09-24,2000,2027-01-09
367,Pro,2026-01-10,5000,
368,Free,2026-11-17,0,2027-01-09
369,Pro,2026-11-09,5000,
370,Basic,2026-06-22,2000,
371,Pro,2026-10-23,5000,2027-03-05
372,Free,2026-12-11,0,
373,Pro,2026-06-15,5000,
374,Free,2026-07-31,0,
375,Basic,2026-02-17,2000,
376,Pro,2026-03-18,5000,
377,Pro,2026-01-11,5000,
378,Free,2026-02-28,0,
379,Basic,2026-07-14,2000,
380,Pro,2026-10-26,5000,
381,Basic,2026-08-25,2000,
382,Free,2026-09-20,0,
383,Free,2026-01-30,0,2026-03-14
384,Pro,2026-04-18,5000,
385,Pro,2026-12-25,5000,2027-04-27
386,Pro,2026-04-20,5000,2026-07-28
387,Free,2026-07-26,0,2027-01-18
388,Pro,2026-12-22,5000,
389,Basic,2026-05-27,2000,
390,Free,2026-12-13,0,2027-02-03
391,Free,2026-09-17,0,
392,Basic,2026-07-03,2000,2026-08-11
393,Basic,2026-10-27,2000,2027-03-16
394,Free,2026-01-02,0,
395,Basic,2026-10-30,2000,
396,Pro,2026-08-25,5000,
397,Free,2026-06-10,0,
398,Free,2026-07-14,0,
399,Free,2026-12-26,0,
400,Pro,2026-11-28,5000,
401,Pro,2026-10-25,5000,
402,Pro,2026-03-19,5000,2026-08-14
403,Free,2026-04-17,0,
404,Free,2026-07-22,0,
405,Pro,2026-06-28,5000,
406,Free,2026-08-16,0,
407,Free,2026-09-05,0,
408,Pro,2026-06-12,5000,
409,Free,2026-03-05,0,2026-07-28
410,Pro,2026-06-29,5000,
411,Pro,2026-07-22,5000,
412,Pro,2026-09-06,5000,
413,Free,2026-02-07,0,2026-03-17
414,Pro,2026-06-27,5000,2026-10-21
415,Free,2026-11-24,0,
416,Basic,2026-05-24,2000,
417,Free,2026-03-09,0,
418,Basic,2026-07-20,2000,
419,Free,2026-10-24,0,
420,Free,2026-08-03,0,2026-11-03
421,Pro,2026-12-15,5000,
422,Pro,2026-11-22,5000,2027-05-19
423,Basic,2026-03-30,2000,2026-06-04
424,Free,2026-09-09,0,
425,Free,2026-02-13,0,
426,Basic,2026-10-24,2000,
427,Pro,2026-04-12,5000,
428,Basic,2026-10-08,2000,
429,Free,2026-03-05,0,
430,Free,2026-04-08,0,
431,Basic,2026-08-22,2000,
432,Pro,2026-12-31,5000,
433,Free,2026-07-26,0,2026-09-29
434,Free,2026-09-18,0,2027-02-01
435,Pro,2026-04-04,5000,2026-07-03
436,Pro,2026-11-06,5000,
437,Pro,2026-11-22,5000,
438,Basic,2026-05-26,2000,
439,Pro,2026-09-07,5000,
440,Pro,2026-02-28,5000,2026-05-24
441,Free,2026-08-21,0,
442,Pro,2026-04-05,5000,
443,Pro,2026-03-24,5000,
444,Free,2026-09-27,0,
445,Free,2026-10-15,0,
446,Pro,2026-10-19,5000,
447,Free,2026-01-27,0,
448,Basic,2026-07-15,2000,
449,Free,2026-01-27,0,2026-06-08
450,Free,2026-11-26,0,
451,Free,2026-04-15,0,
452,Free,2026-02-27,0,
453,Free,2026-01-25,0,
454,Free,2026-05-12,0,2026-08-07
455,Basic,2026-11-04,2000,
456,Pro,2026-10-21,5000,2027-02-08
457,Free,2026-04-20,0,2026-09-08
458,Free,2026-12-18,0,2027-04-24
459,Pro,2026-08-14,5000,
460,Pro,2026-05-15,5000,2026-08-18
461,Free,2026-03-05,0,
462,Pro,2026-10-28,5000,
463,Free,2026-04-21,0,
464,Basic,2026-09-21,2000,2027-01-25
465,Pro,2026-11-22,5000,
466,Basic,2026-10-30,2000,
467,Free,2026-03-07,0,
468,Free,2026-03-02,0,2026-07-12
469,Basic,2026-08-01,2000,
470,Free,2026-08-13,0,
471,Pro,2026-06-01,5000,2026-08-04
472,Free,2026-06-25,0,
473,Pro,2026-04-13,5000,2026-08-02
474,Free,2026-11-21,0,
475,Free,2026-03-14,0,
476,Basic,2026-05-17,2000,2026-10-06
477,Free,2026-12-24,0,2027-03-20
478,Free,2026-03-01,0,
479,Pro,2026-10-10,5000,
480,Free,2026-08-19,0,2026-11-15
481,Basic,2026-08-13,2000,
482,Pro,2026-03-13,5000,2026-07-03
483,Free,2026-12-03,0,2027-03-27
484,Basic,2026-03-02,2000,
485,Free,2026-03-21,0,2026-05-22
486,Pro,2026-10-09,5000,2027-02-18
487,Basic,2026-10-27,2000,2027-04-09
488,Free,2026-03-30,0,2026-05-25
489,Basic,2026-11-27,2000,
490,Basic,2026-06-03,2000,
491,Free,2026-08-07,0,
492,Basic,2026-07-03,2000,
493,Free,2026-08-27,0,
494,Free,2026-01-10,0,
495,Free,2026-08-08,0,
496,Pro,2026-11-01,5000,
497,Basic,2026-11-18,2000,
498,Free,2026-04-15,0,
499,Basic,2026-05-27,2000,
500,Free,2026-08-13,0,
501,Free,2026-04-19,0,2026-09-22
502,Free,2026-11-03,0,
503,Pro,2026-12-18,5000,
504,Free,2026-10-23,0,
505,Pro,2026-01-22,5000,
506,Free,2026-02-19,0,
507,Basic,2026-01-03,2000,2026-03-21
508,Basic,2026-02-24,2000,
509,Free,2026-10-30,0,
510,Free,2026-12-20,0,2027-04-16
511,Pro,2026-04-06,5000,
512,Free,2026-11-01,0,2027-03-23
513,Basic,2026-12-14,2000,
514,Free,2026-01-06,0,
515,Basic,2026-07-06,2000,2026-11-22
516,Free,2026-01-09,0,2026-02-12
517,Pro,2026-05-10,5000,
518,Pro,2026-03-25,5000,
519,Basic,2026-08-02,2000,2026-11-14
520,Basic,2026-06-26,2000,
521,Pro,2026-03-21,5000,2026-06-09
522,Basic,2026-07-22,2000,
523,Free,2026-10-20,0,
524,Free,2026-06-24,0,2026-09-06
525,Free,2026-04-17,0,2026-08-18
526,Pro,2026-01-01,5000,2026-06-22
527,Pro,2026-08-14,5000,2026-12-29
528,Basic,2026-12-10,2000,2027-03-24
529,Free,2026-01-14,0,2026-05-22
530,Free,2026-04-11,0,
531,Free,2026-03-02,0,2026-05-17
532,Free,2026-08-25,0,
533,Basic,2026-03-22,2000,
534,Free,2026-06-19,0,
535,Free,2026-02-02,0,
536,Free,2026-07-29,0,
537,Basic,2026-06-20,2000,2026-07-28
538,Free,2026-01-16,0,
539,Free,2026-12-14,0,2027-03-02
540,Free,2026-03-03,0,2026-07-12
541,Basic,2026-01-24,2000,
542,Basic,2026-04-22,2000,
543,Basic,2026-10-14,2000,2027-03-13
544,Free,2026-02-19,0,
545,Basic,2026-05-15,2000,
546,Pro,2026-09-14,5000,2027-01-05
547,Basic,2026-03-19,2000,
548,Pro,2026-01-29,5000,
549,Pro,2026-03-06,5000,
550,Basic,2026-05-02,2000,
551,Pro,2026-08-03,5000,
552,Pro,2026-04-01,5000,2026-05-04
553,Pro,2026-11-30,5000,
554,Basic,2026-11-06,2000,
555,Free,2026-11-18,0,
556,Free,2026-11-24,0,
557,Basic,2026-04-14,2000,
558,Free,2026-08-15,0,
559,Basic,2026-11-08,2000,
560,Pro,2026-02-20,5000,2026-07-23
561,Free,2026-03-23,0,2026-06-20
562,Basic,2026-04-02,2000,
563,Pro,2026-11-29,5000,2027-02-20
564,Basic,2026-11-30,2000,
565,Basic,2026-12-08,2000,
566,Pro,2026-03-13,5000,2026-06-14
567,Free,2026-08-04,0,
568,Basic,2026-10-06,2000,2027-01-14
569,Basic,2026-04-23,2000,
570,Free,2026-04-29,0,2026-10-23
571,Basic,2026-04-24,2000,
572,Basic,2026-05-02,2000,2026-08-04
573,Free,2026-11-04,0,
574,Basic,2026-09-02,2000,2026-10-10
575,Free,2026-07-31,0,
576,Pro,2026-12-30,5000,
577,Basic,2026-02-27,2000,
578,Free,2026-08-08,0,
579,Free,2026-08-28,0,
580,Free,2026-05-28,0,2026-07-10
581,Pro,2026-08-23,5000,2026-12-25
582,Basic,2026-05-29,2000,
583,Free,2026-03-12,0,2026-08-17
584,Basic,2026-01-02,2000,2026-04-01
585,Pro,2026-03-05,5000,
586,Basic,2026-11-18,2000,
587,Basic,2026-07-06,2000,2026-09-03
588,Free,2026-06-21,0,
589,Free,2026-12-06,0,
590,Basic,2026-10-05,2000,
591,Free,2026-10-18,0,
592,Free,2026-10-14,0,
593,Basic,2026-08-28,2000,
594,Basic,2026-03-18,2000,
595,Basic,2026-03-27,2000,
596,Basic,2026-11-18,2000,
597,Free,2026-11-26,0,
598,Free,2026-02-21,0,
599,Pro,2026-02-25,5000,
600,Free,2026-08-21,0,
601,Free,2026-12-15,0,2027-05-20
602,Free,2026-09-30,0,
603,Pro,2026-06-23,5000,2026-10-08
604,Basic,2026-08-06,2000,
605,Free,2026-07-10,0,
606,Basic,2026-04-18,2000,
607,Pro,2026-11-07,5000,
608,Pro,2026-03-30,5000,
609,Free,2026-05-13,0,2026-07-04
610,Basic,2026-05-12,2000,2026-08-04
611,Free,2026-02-24,0,
612,Pro,2026-03-09,5000,
613,Basic,2026-07-08,2000,
614,Basic,2026-11-21,2000,
615,Pro,2026-11-06,5000,
616,Pro,2026-06-11,5000,2026-11-16
617,Pro,2026-12-31,5000,
618,Free,2026-08-08,0,
619,Free,2026-04-04,0,2026-05-15
620,Pro,2026-01-20,5000,2026-07-18
621,Pro,2026-06-04,5000,2026-11-02
622,Free,2026-06-20,0,2026-09-21
623,Basic,2026-09-07,2000,2027-02-19
624,Basic,2026-10-04,2000,
625,Free,2026-07-09,0,
626,Free,2026-06-25,0,2026-08-31
627,Free,2026-10-31,0,
628,Free,2026-05-29,0,
629,Basic,2026-02-27,2000,2026-06-22
630,Pro,2026-06-18,5000,
631,Basic,2026-12-08,2000,2027-04-10
632,Free,2026-07-22,0,2026-12-09
633,Basic,2026-03-05,2000,
634,Pro,2026-10-28,5000,
635,Free,2026-06-18,0,2026-08-10
636,Basic,2026-02-27,2000,
637,Free,2026-06-08,0,
638,Free,2026-02-05,0,2026-08-01
639,Basic,2026-02-25,2000,
640,Pro,2026-02-21,5000,
641,Pro,2026-03-20,5000,
642,Free,2026-11-27,0,
643,Free,2026-08-29,0,
644,Basic,2026-01-15,2000,
645,Basic,2026-08-16,2000,2027-02-01
646,Basic,2026-05-05,2000,2026-06-17
647,Basic,2026-03-24,2000,
648,Free,2026-12-09,0,
649,Free,2026-03-10,0,
650,Free,2026-01-26,0,
651,Basic,2026-01-02,2000,
652,Pro,2026-12-31,5000,
653,Free,2026-08-29,0,2026-12-09
654,Free,2026-08-12,0,2026-12-03
655,Free,2026-05-02,0,
656,Basic,2026-09-05,2000,
657,Pro,2026-10-25,5000,
658,Free,2026-10-20,0,
659,Free,2026-02-25,0,
660,Free,2026-09-28,0,2027-02-02
661,Basic,2026-09-07,2000,
662,Basic,2026-09-08,2000,
663,Basic,2026-07-16,2000,2027-01-02
664,Pro,2026-06-24,5000,
665,Pro,2026-07-03,5000,
666,Basic,2026-11-26,2000,2027-03-24
667,Pro,2026-12-07,5000,2027-04-18
668,Basic,2026-10-04,2000,
669,Basic,2026-07-28,2000,
670,Free,2026-10-10,0,
671,Free,2026-06-06,0,
672,Basic,2026-05-07,2000,2026-09-16
673,Basic,2026-11-14,2000,
674,Pro,2026-03-04,5000,
675,Free,2026-06-10,0,2026-09-10
676,Basic,2026-12-19,2000,
677,Pro,2026-11-05,5000,
678,Basic,2026-01-06,2000,2026-04-29
679,Basic,2026-03-14,2000,
680,Basic,2026-02-24,2000,2026-06-15
681,Pro,2026-08-10,5000,2026-12-19
682,Basic,2026-03-22,2000,
683,Free,2026-05-02,0,
684,Pro,2026-01-06,5000,
685,Free,2026-08-12,0,2026-12-28
686,Free,2026-03-04,0,
687,Free,2026-01-06,0,
688,Pro,2026-09-21,5000,2026-11-24
689,Free,2026-06-10,0,2026-09-24
690,Basic,2026-03-07,2000,2026-07-15
691,Basic,2026-07-12,2000,
692,Free,2026-11-23,0,
693,Free,2026-11-20,0,
694,Free,2026-10-11,0,2026-12-01
695,Basic,2026-03-28,2000,
696,Free,2026-01-14,0,2026-03-23
697,Basic,2026-12-19,2000,
698,Pro,2026-12-08,5000,
699,Free,2026-01-27,0,
700,Basic,2026-02-14,2000,
701,Free,2026-09-01,0,
702,Basic,2026-08-30,2000,
703,Free,2026-07-22,0,2027-01-09
704,Basic,2026-12-15,2000,2027-05-29
705,Basic,2026-06-11,2000,
706,Free,2026-12-12,0,
707,Pro,2026-07-15,5000,
708,Free,2026-01-29,0,2026-04-28
709,Free,2026-06-12,0,
710,Free,2026-11-30,0,
711,Free,2026-06-03,0,
712,Free,2026-12-15,0,2027-03-30
713,Basic,2026-02-13,2000,
714,Basic,2026-12-09,2000,2027-02-20
715,Basic,2026-11-02,2000,2026-12-28
716,Basic,2026-02-05,2000,
717,Basic,2026-04-04,2000,2026-07-11
718,Pro,2026-02-15,5000,
719,Basic,2026-04-13,2000,
720,Free,2026-05-20,0,2026-07-28
721,Basic,2026-02-18,2000,2026-04-16
722,Free,2026-09-24,0,2027-01-15
723,Free,2026-06-04,0,
724,Basic,2026-10-25,2000,2027-02-21
725,Free,2026-08-16,0,
726,Basic,2026-09-09,2000,
727,Free,2026-03-07,0,
728,Basic,2026-01-23,2000,
729,Free,2026-03-22,0,
730,Pro,2026-08-20,5000,
731,Pro,2026-09-07,5000,
732,Basic,2026-01-02,2000,
733,Free,2026-02-26,0,2026-06-22
734,Free,2026-05-16,0,
735,Free,2026-04-30,0,
736,Free,2026-08-13,0,
737,Free,2026-09-24,0,
738,Free,2026-03-14,0,2026-05-24
739,Free,2026-02-06,0,
740,Basic,2026-05-11,2000,
741,Pro,2026-01-10,5000,2026-02-28
742,Free,2026-06-09,0,
743,Basic,2026-02-23,2000,2026-07-13
744,Basic,2026-03-13,2000,
745,Basic,2026-05-06,2000,
746,Pro,2026-05-15,5000,
747,Pro,2026-05-04,5000,2026-09-08
748,Free,2026-02-28,0,
749,Pro,2026-05-19,5000,
750,Free,2026-02-22,0,2026-07-07
751,Free,2026-03-14,0,
752,Free,2026-08-28,0,2026-12-29
753,Basic,2026-01-26,2000,
754,Basic,2026-09-12,2000,
755,Free,2026-06-13,0,
756,Free,2026-10-08,0,
757,Basic,2026-05-27,2000,
758,Basic,2026-10-28,2000,2027-04-24
759,Free,2026-10-29,0,
760,Free,2026-08-18,0,
761,Basic,2026-04-04,2000,
762,Basic,2026-10-19,2000,
763,Free,2026-12-20,0,2027-02-21
764,Free,2026-11-26,0,
765,Free,2026-08-17,0,2026-10-04
766,Basic,2026-05-12,2000,
767,Free,2026-01-03,0,
768,Free,2026-12-11,0,
769,Basic,2026-10-22,2000,
770,Free,2026-01-17,0,
771,Free,2026-06-13,0,
772,Pro,2026-12-01,5000,
773,Pro,2026-10-22,5000,
774,Pro,2026-11-28,5000,
775,Free,2026-08-26,0,
776,Free,2026-08-22,0,
777,Basic,2026-04-29,2000,
778,Free,2026-02-28,0,2026-06-08
779,Pro,2026-12-18,5000,
780,Basic,2026-10-14,2000,
781,Basic,2026-07-04,2000,
782,Basic,2026-06-08,2000,2026-08-23
783,Basic,2026-01-22,2000,
784,Free,2026-02-09,0,
785,Free,2026-02-03,0,2026-07-26
786,Basic,2026-10-20,2000,
787,Pro,2026-06-01,5000,
788,Basic,2026-12-04,2000,
789,Free,2026-01-04,0,2026-05-19
790,Pro,2026-10-27,5000,2027-04-13
791,Free,2026-06-12,0,
792,Free,2026-11-26,0,
793,Pro,2026-08-01,5000,
794,Free,2026-03-16,0,
795,Free,2026-05-10,0,
796,Basic,2026-03-23,2000,
797,Free,2026-12-02,0,2027-02-01
798,Basic,2026-04-22,2000,
799,Free,2026-01-18,0,
800,Pro,2026-02-14,5000,
801,Pro,2026-03-23,5000,2026-08-27
802,Free,2026-06-05,0,
803,Free,2026-08-03,0,
804,Basic,2026-04-24,2000,
805,Free,2026-02-18,0,
806,Free,2026-10-27,0,
807,Basic,2026-01-22,2000,2026-03-01
808,Free,2026-06-28,0,2026-12-06
809,Free,2026-02-08,0,2026-04-27
810,Free,2026-04-23,0,
811,Basic,2026-11-27,2000,
812,Free,2026-07-12,0,
813,Basic,2026-03-13,2000,
814,Free,2026-03-03,0,
815,Free,2026-06-10,0,2026-10-26
816,Free,2026-10-17,0,2027-03-03
817,Basic,2026-08-15,2000,
818,Basic,2026-03-09,2000,
819,Free,2026-04-02,0,
820,Free,2026-06-25,0,
821,Free,2026-05-06,0,2026-06-28
822,Pro,2026-03-11,5000,
823,Free,2026-05-19,0,
824,Pro,2026-05-13,5000,
825,Free,2026-05-08,0,
826,Basic,2026-07-05,2000,
827,Pro,2026-01-24,5000,
828,Free,2026-10-03,0,
829,Pro,2026-10-31,5000,2027-03-08
830,Free,2026-07-01,0,
831,Basic,2026-05-30,2000,
832,Basic,2026-11-23,2000,
833,Free,2026-10-23,0,
834,Free,2026-06-30,0,2026-12-09
835,Free,2026-11-18,0,
836,Free,2026-10-27,0,2027-01-25
837,Pro,2026-11-10,5000,
838,Free,2026-02-06,0,2026-06-30
839,Free,2026-08-16,0,2027-01-22
840,Basic,2026-01-22,2000,
841,Free,2026-02-11,0,
842,Basic,2026-02-28,2000,
843,Free,2026-10-10,0,
844,Free,2026-05-08,0,2026-06-30
845,Pro,2026-11-10,5000,
846,Basic,2026-07-06,2000,
847,Basic,2026-08-28,2000,
848,Free,2026-05-23,0,
849,Free,2026-09-08,0,
850,Free,2026-05-20,0,2026-08-02
851,Basic,2026-07-18,2000,
852,Pro,2026-08-02,5000,
853,Pro,2026-01-30,5000,
854,Pro,2026-08-14,5000,
855,Free,2026-05-16,0,
856,Free,2026-03-20,0,2026-08-31
857,Free,2026-09-29,0,
858,Free,2026-06-28,0,
859,Free,2026-04-27,0,
860,Basic,2026-07-09,2000,2026-09-09
861,Free,2026-09-02,0,2027-01-22
862,Free,2026-12-26,0,
863,Basic,2026-05-25,2000,2026-07-09
864,Pro,2026-03-16,5000,
865,Pro,2026-12-18,5000,2027-05-24
866,Free,2026-06-13,0,
867,Pro,2026-12-10,5000,
868,Free,2026-03-28,0,
869,Basic,2026-12-08,2000,2027-03-06
870,Free,2026-10-02,0,
871,Pro,2026-12-17,5000,
872,Basic,2026-08-02,2000,2026-09-04
873,Free,2026-05-20,0,2026-07-13
874,Pro,2026-03-17,5000,
875,Free,2026-04-16,0,
876,Free,2026-08-15,0,2026-12-05
877,Pro,2026-04-17,5000,2026-09-21
878,Free,2026-12-18,0,2027-03-04
879,Basic,2026-10-08,2000,2027-01-18
880,Pro,2026-08-25,5000,2026-12-15
881,Basic,2026-05-04,2000,
882,Basic,2026-02-08,2000,2026-04-20
883,Free,2026-06-15,0,2026-10-26
884,Free,2026-11-23,0,
885,Free,2026-02-13,0,
886,Basic,2026-12-02,2000,
887,Free,2026-01-24,0,
888,Free,2026-09-14,0,
889,Basic,2026-09-10,2000,2026-11-28
890,Basic,2026-09-25,2000,
891,Free,2026-11-18,0,
892,Basic,2026-02-27,2000,2026-06-10
893,Basic,2026-11-12,2000,
894,Free,2026-01-24,0,
895,Pro,2026-07-25,5000,
896,Basic,2026-02-10,2000,
897,Free,2026-04-01,0,2026-08-04
898,Basic,2026-04-29,2000,2026-05-29
899,Basic,2026-08-19,2000,2026-12-11
900,Free,2026-04-10,0,
901,Free,2026-10-03,0,
902,Free,2026-03-18,0,2026-05-14
903,Free,2026-02-18,0,
904,Basic,2026-07-20,2000,
905,Free,2026-02-11,0,
906,Pro,2026-05-18,5000,
907,Free,2026-03-30,0,2026-05-26
908,Basic,2026-05-27,2000,
909,Basic,2026-02-13,2000,2026-07-14
910,Free,2026-04-26,0,2026-09-10
911,Free,2026-12-13,0,
912,Free,2026-06-02,0,
913,Free,2026-02-15,0,
914,Pro,2026-10-03,5000,
915,Basic,2026-12-05,2000,
916,Free,2026-11-22,0,2027-03-23
917,Free,2026-04-29,0,2026-07-05
918,Free,2026-04-21,0,2026-10-05
919,Pro,2026-11-06,5000,
920,Basic,2026-03-27,2000,
921,Pro,2026-06-28,5000,
922,Free,2026-12-03,0,
923,Pro,2026-06-25,5000,
924,Basic,2026-12-16,2000,
925,Free,2026-02-05,0,
926,Free,2026-02-06,0,
927,Basic,2026-01-11,2000,
928,Pro,2026-07-01,5000,
929,Basic,2026-02-10,2000,2026-06-07
930,Basic,2026-02-10,2000,2026-03-14
931,Basic,2026-03-22,2000,
932,Free,2026-05-10,0,
933,Free,2026-02-12,0,2026-07-23
934,Free,2026-01-21,0,
935,Free,2026-07-21,0,
936,Pro,2026-01-23,5000,2026-06-09
937,Pro,2026-12-24,5000,
938,Pro,2026-08-19,5000,
939,Free,2026-11-17,0,2027-04-06
940,Free,2026-07-09,0,2026-12-02
941,Pro,2026-04-24,5000,2026-09-06
942,Free,2026-05-13,0,
943,Free,2026-01-27,0,
944,Free,2026-07-20,0,
945,Free,2026-12-03,0,
946,Basic,2026-02-05,2000,2026-05-12
947,Free,2026-04-27,0,
948,Basic,2026-09-24,2000,2027-01-05
949,Free,2026-06-02,0,2026-09-15
950,Pro,2026-01-11,5000,
951,Free,2026-06-24,0,
952,Pro,2026-09-16,5000,
953,Basic,2026-05-01,2000,
954,Free,2026-05-03,0,
955,Basic,2026-09-02,2000,
956,Basic,2026-05-06,2000,2026-08-12
957,Free,2026-02-19,0,
958,Basic,2026-08-14,2000,2026-10-02
959,Free,2026-01-19,0,
960,Pro,2026-01-15,5000,
961,Free,2026-11-26,0,
962,Basic,2026-02-04,2000,
963,Free,2026-10-16,0,2027-02-15
964,Free,2026-08-11,0,2026-09-17
965,Free,2026-06-24,0,2026-09-13
966,Free,2026-05-31,0,2026-07-30
967,Free,2026-04-15,0,
968,Basic,2026-05-06,2000,
969,Pro,2026-06-08,5000,
970,Pro,2026-02-09,5000,
971,Pro,2026-09-21,5000,
972,Free,2026-10-04,0,
973,Pro,2026-10-26,5000,2026-12-09
974,Basic,2026-03-26,2000,
975,Basic,2026-02-16,2000,2026-04-14
976,Free,2026-08-12,0,2026-12-20
977,Basic,2026-12-10,2000,
978,Free,2026-06-11,0,2026-11-12
979,Basic,2026-07-22,2000,
980,Basic,2026-04-13,2000,2026-06-27
981,Free,2026-12-06,0,2027-05-18
982,Free,2026-01-01,0,
983,Basic,2026-03-17,2000,
984,Free,2026-12-27,0,
985,Basic,2026-02-03,2000,
986,Basic,2026-10-16,2000,2027-03-24
987,Free,2026-01-06,0,2026-04-15
988,Free,2026-04-19,0,2026-06-13
989,Basic,2026-08-28,2000,
990,Basic,2026-06-28,2000,2026-08-29
991,Basic,2026-09-01,2000,2026-11-18
992,Free,2026-05-01,0,2026-07-02
993,Basic,2026-07-20,2000,
994,Free,2026-08-28,0,2026-12-15
995,Basic,2026-02-12,2000,
996,Free,2026-07-27,0,
997,Basic,2026-07-09,2000,2026-08-25
998,Pro,2026-11-20,5000,
999,Free,2026-01-06,0,2026-02-28
1000,Basic,2026-09-18,2000,
1001,Basic,2026-07-22,2000,
1002,Pro,2026-04-07,5000,
1003,Free,2026-05-18,0,
1004,Free,2026-06-27,0,2026-12-09
1005,Pro,2026-05-20,5000,
1006,Free,2026-04-04,0,
1007,Free,2026-01-23,0,
1008,Pro,2026-10-10,5000,
1009,Free,2026-04-13,0,
1010,Free,2026-12-24,0,
1011,Basic,2026-04-20,2000,
1012,Basic,2026-08-07,2000,
1013,Pro,2026-10-27,5000,
1014,Free,2026-07-09,0,
1015,Basic,2026-10-25,2000,
1016,Free,2026-07-08,0,
1017,Pro,2026-07-13,5000,
1018,Free,2026-04-06,0,
1019,Free,2026-12-30,0,
1020,Free,2026-05-20,0,
1021,Free,2026-12-24,0,2027-04-14
1022,Pro,2026-12-30,5000,
1023,Pro,2026-11-27,5000,
1024,Free,2026-11-24,0,
1025,Free,2026-12-17,0,
1026,Basic,2026-06-07,2000,
1027,Free,2026-12-30,0,
1028,Free,2026-12-25,0,
1029,Free,2026-04-10,0,
1030,Free,2026-08-18,0,2026-11-14
1031,Free,2026-07-30,0,2026-09-07
1032,Free,2026-07-10,0,2026-09-07
1033,Free,2026-12-14,0,
1034,Basic,2026-05-05,2000,
1035,Free,2026-02-03,0,
1036,Free,2026-12-31,0,2027-05-25
1037,Basic,2026-03-13,2000,
1038,Free,2026-04-06,0,
1039,Basic,2026-12-24,2000,
1040,Pro,2026-08-24,5000,
1041,Free,2026-01-17,0,
1042,Pro,2026-01-19,5000,
1043,Pro,2026-07-08,5000,
1044,Basic,2026-06-13,2000,2026-12-02
1045,Free,2026-08-07,0,2026-09-06
1046,Basic,2026-03-08,2000,2026-07-20
1047,Pro,2026-05-01,5000,
1048,Basic,2026-12-07,2000,
1049,Pro,2026-12-31,5000,
1050,Basic,2026-05-16,2000,
1051,Free,2026-02-19,0,
1052,Pro,2026-01-25,5000,
1053,Free,2026-12-22,0,
1054,Free,2026-05-06,0,2026-10-04
1055,Pro,2026-06-09,5000,2026-07-17
1056,Free,2026-06-18,0,
1057,Basic,2026-02-25,2000,
1058,Pro,2026-02-03,5000,2026-07-17
1059,Free,2026-09-22,0,
1060,Pro,2026-02-03,5000,
1061,Basic,2026-10-05,2000,
1062,Pro,2026-09-20,5000,2026-11-17
1063,Basic,2026-01-06,2000,
1064,Free,2026-04-23,0,
1065,Pro,2026-11-19,5000,
1066,Pro,2026-08-01,5000,
1067,Basic,2026-01-27,2000,
1068,Free,2026-08-03,0,
1069,Pro,2026-09-30,5000,
1070,Basic,2026-08-16,2000,2026-12-05
1071,Basic,2026-01-10,2000,
1072,Free,2026-01-20,0,2026-07-06
1073,Pro,2026-01-14,5000,
1074,Free,2026-06-18,0,
1075,Free,2026-09-04,0,
1076,Free,2026-05-13,0,2026-10-03
1077,Free,2026-05-17,0,2026-08-20
1078,Free,2026-07-27,0,
1079,Pro,2026-11-19,5000,
1080,Pro,2026-03-08,5000,2026-08-04
1081,Free,2026-01-24,0,2026-06-08
1082,Free,2026-04-01,0,
1083,Pro,2026-02-18,5000,2026-06-27
1084,Free,2026-09-04,0,2026-11-28
1085,Basic,2026-06-27,2000,
1086,Basic,2026-11-01,2000,2027-01-04
1087,Free,2026-08-01,0,
1088,Basic,2026-11-22,2000,
1089,Basic,2026-07-27,2000,
1090,Free,2026-06-14,0,
1091,Free,2026-06-14,0,
1092,Basic,2026-04-26,2000,
1093,Basic,2026-11-13,2000,
1094,Free,2026-01-29,0,
1095,Free,2026-05-26,0,2026-09-28
1096,Free,2026-03-24,0,
1097,Free,2026-11-06,0,2027-02-19
1098,Free,2026-07-07,0,
1099,Basic,2026-03-31,2000,
1100,Free,2026-11-03,0,
1101,Free,2026-07-25,0,
1102,Basic,2026-07-01,2000,2026-08-11
1103,Free,2026-12-12,0,
1104,Basic,2026-06-24,2000,2026-09-13
1105,Free,2026-06-13,0,
1106,Pro,2026-12-20,5000,
1107,Basic,2026-04-28,2000,
1108,Pro,2026-06-30,5000,
1109,Basic,2026-05-16,2000,
1110,Free,2026-07-30,0,
1111,Basic,2026-10-04,2000,
1112,Free,2026-07-26,0,
1113,Free,2026-03-30,0,
1114,Basic,2026-09-20,2000,
1115,Basic,2026-08-08,2000,
1116,Pro,2026-06-11,5000,
1117,Pro,2026-07-26,5000,
1118,Pro,2026-04-20,5000,
1119,Basic,2026-05-21,2000,
1120,Pro,2026-08-03,5000,
1121,Free,2026-10-10,0,2026-12-19
1122,Basic,2026-09-14,2000,
1123,Free,2026-04-21,0,2026-06-27
1124,Pro,2026-11-26,5000,2027-02-09
1125,Free,2026-06-11,0,
1126,Free,2026-12-15,0,
1127,Basic,2026-09-10,2000,2027-01-10
1128,Pro,2026-10-01,5000,
1129,Free,2026-09-17,0,2027-02-26
1130,Free,2026-07-04,0,
1131,Basic,2026-04-16,2000,
1132,Pro,2026-11-25,5000,
1133,Free,2026-06-25,0,2026-10-02
1134,Free,2026-09-06,0,
1135,Free,2026-04-21,0,
1136,Free,2026-05-06,0,
1137,Basic,2026-12-16,2000,
1138,Basic,2026-07-12,2000,
1139,Free,2026-02-10,0,
1140,Basic,2026-06-04,2000,
1141,Pro,2026-04-02,5000,
1142,Free,2026-09-06,0,2026-12-16
1143,Pro,2026-02-07,5000,
1144,Pro,2026-06-07,5000,
1145,Free,2026-11-08,0,
1146,Free,2026-08-26,0,
1147,Basic,2026-10-29,2000,
1148,Free,2026-11-06,0,2027-02-09
1149,Free,2026-09-22,0,
1150,Free,2026-02-13,0,
1151,Free,2026-09-25,0,
1152,Pro,2026-09-07,5000,2027-02-28
1153,Free,2026-07-16,0,
1154,Pro,2026-11-14,5000,2027-04-12
1155,Pro,2026-08-22,5000,2027-02-12
1156,Basic,2026-09-26,2000,
1157,Basic,2026-02-07,2000,
1158,Free,2026-05-16,0,2026-10-10
1159,Pro,2026-04-25,5000,
1160,Free,2026-10-28,0,
1161,Basic,2026-09-07,2000,
1162,Basic,2026-11-15,2000,
1163,Free,2026-03-10,0,2026-08-03
1164,Basic,2026-02-05,2000,
1165,Pro,2026-02-24,5000,
1166,Free,2026-03-28,0,
1167,Free,2026-09-15,0,
1168,Basic,2026-03-03,2000,
1169,Basic,2026-08-19,2000,
1170,Pro,2026-10-28,5000,
1171,Basic,2026-11-29,2000,
1172,Pro,2026-02-07,5000,
1173,Free,2026-04-04,0,
1174,Free,2026-04-25,0,
1175,Pro,2026-10-31,5000,
1176,Pro,2026-07-15,5000,
1177,Basic,2026-03-30,2000,2026-07-14
1178,Free,2026-12-25,0,
1179,Free,2026-03-09,0,
1180,Free,2026-03-06,0,
1181,Free,2026-07-07,0,
1182,Free,2026-09-21,0,
1183,Free,2026-12-14,0,2027-03-23
1184,Free,2026-06-12,0,
1185,Basic,2026-09-28,2000,
1186,Free,2026-11-12,0,2027-02-07
1187,Pro,2026-02-18,5000,2026-05-05
1188,Basic,2026-05-21,2000,
1189,Free,2026-07-20,0,
1190,Basic,2026-03-31,2000,
1191,Basic,2026-07-25,2000,
1192,Free,2026-01-16,0,2026-03-25
1193,Basic,2026-03-25,2000,2026-07-03
1194,Basic,2026-09-14,2000,
1195,Pro,2026-03-11,5000,2026-05-23
1196,Basic,2026-12-17,2000,2027-06-10
1197,Free,2026-12-21,0,
1198,Pro,2026-08-20,5000,
1199,Free,2026-04-13,0,
1200,Free,2026-06-24,0,
1201,Free,2026-08-03,0,
1202,Basic,2026-06-02,2000,2026-10-09
1203,Basic,2026-11-14,2000,
1204,Free,2026-11-29,0,
1205,Basic,2026-05-12,2000,
1206,Basic,2026-12-18,2000,
1207,Free,2026-04-29,0,
1208,Basic,2026-05-16,2000,
1209,Basic,2026-06-17,2000,2026-10-25
1210,Pro,2026-09-25,5000,
1211,Basic,2026-12-09,2000,
1212,Pro,2026-05-03,5000,
1213,Basic,2026-10-22,2000,
1214,Pro,2026-03-12,5000,
1215,Basic,2026-12-20,2000,
1216,Pro,2026-12-23,5000,2027-03-07
1217,Free,2026-07-29,0,
1218,Basic,2026-01-29,2000,
1219,Free,2026-09-04,0,
1220,Free,2026-11-09,0,2027-01-26
1221,Free,2026-10-06,0,2026-12-19
1222,Basic,2026-03-01,2000,2026-04-16
1223,Free,2026-11-08,0,
1224,Free,2026-07-10,0,
1225,Pro,2026-11-20,5000,
1226,Pro,2026-05-02,5000,2026-06-19
1227,Free,2026-12-22,0,
1228,Pro,2026-08-05,5000,
1229,Free,2026-08-22,0,2027-01-11
1230,Free,2026-02-02,0,
1231,Pro,2026-03-11,5000,
1232,Free,2026-02-10,0,
1233,Free,2026-03-08,0,2026-06-24
1234,Free,2026-03-18,0,
1235,Free,2026-07-25,0,
1236,Free,2026-06-05,0,
1237,Basic,2026-04-04,2000,
1238,Pro,2026-03-07,5000,
1239,Basic,2026-12-01,2000,
1240,Basic,2026-12-20,2000,2027-05-28
1241,Free,2026-07-01,0,
1242,Basic,2026-05-04,2000,
1243,Pro,2026-02-12,5000,
1244,Basic,2026-09-06,2000,
1245,Basic,2026-06-16,2000,2026-12-07
1246,Free,2026-08-25,0,2026-12-04
1247,Pro,2026-10-25,5000,
1248,Basic,2026-05-04,2000,
1249,Free,2026-12-23,0,
1250,Basic,2026-06-24,2000,
1251,Free,2026-11-23,0,
1252,Free,2026-01-11,0,2026-05-27
1253,Free,2026-11-16,0,
1254,Basic,2026-03-22,2000,
1255,Free,2026-08-15,0,
1256,Free,2026-11-03,0,2027-01-30
1257,Free,2026-10-05,0,2027-01-17
1258,Pro,2026-07-26,5000,
1259,Free,2026-10-08,0,
1260,Basic,2026-10-28,2000,2027-01-31
1261,Basic,2026-03-24,2000,2026-04-29
1262,Free,2026-11-24,0,
1263,Basic,2026-06-23,2000,
1264,Free,2026-11-14,0,
1265,Pro,2026-08-03,5000,2026-10-27
1266,Pro,2026-07-02,5000,2026-12-18
1267,Basic,2026-06-02,2000,2026-11-26
1268,Pro,2026-07-10,5000,
1269,Pro,2026-09-23,5000,
1270,Basic,2026-11-20,2000,
1271,Basic,2026-05-31,2000,2026-07-12
1272,Pro,2026-04-03,5000,
1273,Free,2026-03-02,0,2026-06-02
1274,Basic,2026-12-21,2000,2027-04-14
1275,Free,2026-08-26,0,
1276,Basic,2026-01-05,2000,2026-06-21
1277,Free,2026-04-24,0,2026-06-10
1278,Free,2026-05-19,0,
1279,Pro,2026-05-16,5000,
1280,Basic,2026-05-07,2000,
1281,Basic,2026-04-26,2000,
1282,Free,2026-02-16,0,
1283,Free,2026-09-25,0,2026-12-21
1284,Free,2026-03-25,0,
1285,Pro,2026-07-15,5000,
1286,Free,2026-11-09,0,2027-03-16
1287,Free,2026-06-16,0,
1288,Pro,2026-07-04,5000,2026-09-19
1289,Basic,2026-09-02,2000,
1290,Pro,2026-12-22,5000,2027-06-07
1291,Free,2026-10-31,0,2026-12-07
1292,Free,2026-04-15,0,
1293,Pro,2026-05-25,5000,
1294,Free,2026-04-08,0,
1295,Pro,2026-12-05,5000,
1296,Free,2026-01-17,0,
1297,Pro,2026-08-15,5000,2026-12-04
1298,Free,2026-11-30,0,2027-03-10
1299,Basic,2026-01-10,2000,
1300,Pro,2026-04-13,5000,
1301,Free,2026-03-07,0,2026-07-13
1302,Free,2026-04-01,0,
1303,Free,2026-08-16,0,
1304,Free,2026-03-18,0,
1305,Pro,2026-06-18,5000,
1306,Free,2026-06-07,0,
1307,Free,2026-06-08,0,2026-10-11
1308,Free,2026-02-09,0,
1309,Pro,2026-05-15,5000,
1310,Free,2026-07-07,0,
1311,Free,2026-09-29,0,
1312,Free,2026-05-02,0,
1313,Free,2026-03-22,0,
1314,Free,2026-12-02,0,2027-03-14
1315,Free,2026-07-27,0,
1316,Basic,2026-08-07,2000,2026-10-27
1317,Free,2026-11-10,0,
1318,Free,2026-06-30,0,2026-11-03
1319,Basic,2026-03-17,2000,
1320,Free,2026-01-06,0,
1321,Basic,2026-03-23,2000,
1322,Basic,2026-08-04,2000,
1323,Free,2026-04-12,0,2026-08-15
1324,Pro,2026-03-11,5000,
1325,Basic,2026-12-09,2000,
1326,Free,2026-01-03,0,2026-03-06
1327,Basic,2026-03-24,2000,
1328,Free,2026-03-22,0,
1329,Free,2026-06-28,0,
1330,Free,2026-06-24,0,2026-10-20
1331,Basic,2026-08-29,2000,2026-10-14
1332,Free,2026-10-20,0,
1333,Pro,2026-06-05,5000,
1334,Basic,2026-07-03,2000,
1335,Basic,2026-07-01,2000,
1336,Free,2026-11-22,0,
1337,Free,2026-01-06,0,2026-05-29
1338,Pro,2026-11-18,5000,
1339,Pro,2026-09-03,5000,
1340,Pro,2026-02-01,5000,
1341,Basic,2026-02-27,2000,
1342,Basic,2026-08-09,2000,
1343,Free,2026-10-07,0,
1344,Basic,2026-09-16,2000,
1345,Basic,2026-01-08,2000,2026-06-05
1346,Basic,2026-10-26,2000,
1347,Free,2026-08-19,0,
1348,Basic,2026-01-11,2000,2026-06-23
1349,Free,2026-03-03,0,
1350,Free,2026-11-25,0,
1351,Free,2026-02-06,0,
1352,Pro,2026-02-17,5000,
1353,Pro,2026-04-16,5000,2026-08-18
1354,Basic,2026-06-13,2000,
1355,Pro,2026-09-11,5000,
1356,Free,2026-07-31,0,2026-12-17
1357,Basic,2026-09-05,2000,
1358,Free,2026-09-05,0,2026-10-31
1359,Basic,2026-05-15,2000,2026-06-21
1360,Free,2026-01-20,0,
1361,Free,2026-03-09,0,
1362,Free,2026-11-16,0,2027-04-16
1363,Free,2026-04-13,0,2026-06-06
1364,Free,2026-02-23,0,
1365,Pro,2026-04-14,5000,
1366,Free,2026-07-13,0,
1367,Free,2026-01-18,0,
1368,Basic,2026-01-22,2000,
1369,Free,2026-06-24,0,
1370,Free,2026-02-27,0,
1371,Pro,2026-04-10,5000,
1372,Free,2026-01-12,0,
1373,Free,2026-02-25,0,
1374,Basic,2026-08-08,2000,
1375,Free,2026-07-28,0,2026-10-08
1376,Pro,2026-05-11,5000,
1377,Free,2026-11-04,0,
1378,Basic,2026-04-06,2000,
1379,Pro,2026-11-09,5000,
1380,Pro,2026-02-22,5000,2026-06-14
1381,Basic,2026-07-03,2000,
1382,Basic,2026-10-31,2000,
1383,Pro,2026-05-27,5000,
1384,Basic,2026-05-31,2000,
1385,Free,2026-06-05,0,
1386,Basic,2026-06-21,2000,
1387,Basic,2026-06-27,2000,
1388,Pro,2026-08-22,5000,
1389,Pro,2026-04-13,5000,
1390,Basic,2026-04-02,2000,2026-06-29
1391,Free,2026-08-03,0,2026-11-04
1392,Free,2026-04-29,0,2026-05-31
1393,Pro,2026-08-20,5000,2026-11-16
1394,Free,2026-09-02,0,
1395,Basic,2026-04-27,2000,
1396,Basic,2026-03-28,2000,
1397,Free,2026-11-30,0,
1398,Free,2026-09-16,0,2027-01-29
1399,Pro,2026-04-22,5000,
1400,Free,2026-11-10,0,
1401,Free,2026-01-29,0,
1402,Basic,2026-04-19,2000,2026-07-02
1403,Free,2026-09-07,0,
1404,Free,2026-05-15,0,2026-07-15
1405,Free,2026-09-15,0,2026-11-23
1406,Basic,2026-07-27,2000,
1407,Basic,2026-03-15,2000,
1408,Free,2026-04-23,0,2026-08-27
1409,Pro,2026-06-29,5000,
1410,Pro,2026-06-08,5000,
1411,Basic,2026-05-01,2000,
1412,Free,2026-07-30,0,
1413,Basic,2026-04-09,2000,2026-07-22
1414,Free,2026-05-09,0,2026-10-28
1415,Pro,2026-07-16,5000,
1416,Free,2026-04-01,0,
1417,Basic,2026-01-27,2000,
1418,Pro,2026-09-10,5000,
1419,Free,2026-07-25,0,
1420,Free,2026-01-02,0,
1421,Free,2026-06-17,0,
1422,Free,2026-03-08,0,
1423,Free,2026-10-03,0,2027-01-05
1424,Basic,2026-02-28,2000,2026-08-19
1425,Basic,2026-08-08,2000,
1426,Basic,2026-07-18,2000,
1427,Free,2026-12-09,0,
1428,Free,2026-04-25,0,
1429,Pro,2026-02-08,5000,
1430,Pro,2026-03-25,5000,2026-06-14
1431,Pro,2026-04-29,5000,2026-09-04
1432,Basic,2026-12-02,2000,
1433,Free,2026-07-01,0,
1434,Free,2026-01-20,0,2026-02-28
1435,Pro,2026-06-27,5000,
1436,Pro,2026-11-02,5000,
1437,Basic,2026-07-30,2000,
1438,Free,2026-10-23,0,
1439,Basic,2026-09-29,2000,
1440,Pro,2026-03-01,5000,
1441,Free,2026-11-30,0,
1442,Basic,2026-06-09,2000,
1443,Basic,2026-04-16,2000,2026-08-23
1444,Free,2026-12-31,0,
1445,Pro,2026-08-05,5000,2026-11-05
1446,Free,2026-02-22,0,
1447,Free,2026-08-29,0,
1448,Basic,2026-06-02,2000,
1449,Free,2026-05-12,0,2026-06-29
1450,Basic,2026-09-15,2000,2027-02-21
1451,Basic,2026-08-11,2000,
1452,Free,2026-11-18,0,
1453,Basic,2026-08-09,2000,
1454,Free,2026-06-12,0,2026-11-07
1455,Free,2026-11-24,0,2027-05-05
1456,Pro,2026-02-03,5000,
1457,Basic,2026-11-11,2000,
1458,Basic,2026-11-15,2000,
1459,Pro,2026-02-26,5000,
1460,Free,2026-01-10,0,2026-03-28
1461,Free,2026-09-16,0,
1462,Free,2026-07-28,0,
1463,Basic,2026-08-07,2000,
1464,Free,2026-04-11,0,2026-06-14
1465,Free,2026-05-17,0,
1466,Basic,2026-05-02,2000,
1467,Basic,2026-08-24,2000,
1468,Pro,2026-06-06,5000,
1469,Free,2026-08-05,0,
1470,Free,2026-11-24,0,2027-05-21
1471,Basic,2026-04-17,2000,
1472,Basic,2026-01-05,2000,2026-06-09
1473,Free,2026-08-30,0,
1474,Free,2026-04-30,0,
1475,Free,2026-10-31,0,
1476,Free,2026-10-12,0,
1477,Free,2026-01-10,0,
1478,Free,2026-09-24,0,
1479,Basic,2026-04-27,2000,
1480,Free,2026-09-01,0,
1481,Pro,2026-06-08,5000,
1482,Pro,2026-09-10,5000,
1483,Free,2026-10-04,0,
1484,Free,2026-03-17,0,2026-04-20
1485,Pro,2026-08-19,5000,
1486,Basic,2026-07-30,2000,
1487,Free,2026-12-17,0,
1488,Free,2026-07-09,0,
1489,Basic,2026-06-14,2000,
1490,Free,2026-12-29,0,2027-05-28
1491,Free,2026-08-22,0,
1492,Free,2026-05-09,0,
1493,Free,2026-12-17,0,
1494,Free,2026-04-28,0,2026-09-23
1495,Basic,2026-08-09,2000,
1496,Pro,2026-05-13,5000,
1497,Pro,2026-08-13,5000,
1498,Pro,2026-12-29,5000,2027-03-02
1499,Free,2026-09-26,0,
1500,Free,2026-06-03,0,
1501,Basic,2026-12-03,2000,
1502,Free,2026-04-30,0,
1503,Free,2026-06-30,0,
1504,Free,2026-04-30,0,
1505,Basic,2026-08-08,2000,
1506,Pro,2026-08-12,5000,2026-11-06
1507,Free,2026-05-04,0,
1508,Free,2026-07-19,0,
1509,Free,2026-01-07,0,2026-04-05
1510,Free,2026-11-30,0,2027-03-27
1511,Free,2026-01-25,0,2026-03-02
1512,Free,2026-08-05,0,
1513,Free,2026-08-07,0,
1514,Free,2026-07-19,0,
1515,Free,2026-12-28,0,
1516,Free,2026-04-20,0,
1517,Basic,2026-02-03,2000,
1518,Pro,2026-04-21,5000,2026-08-13
1519,Free,2026-06-26,0,
1520,Free,2026-11-14,0,
1521,Basic,2026-04-20,2000,
1522,Free,2026-01-31,0,2026-03-12
1523,Free,2026-11-07,0,
1524,Free,2026-03-10,0,2026-08-29
1525,Pro,2026-01-11,5000,
1526,Pro,2026-08-24,5000,
1527,Free,2026-04-18,0,
1528,Free,2026-01-11,0,
1529,Free,2026-07-31,0,
1530,Pro,2026-06-01,5000,
1531,Free,2026-12-12,0,2027-04-07
1532,Free,2026-12-29,0,
1533,Basic,2026-05-25,2000,
1534,Pro,2026-11-25,5000,
1535,Pro,2026-01-30,5000,
1536,Pro,2026-12-05,5000,
1537,Free,2026-09-18,0,
1538,Free,2026-07-19,0,
1539,Free,2026-04-10,0,2026-08-10
1540,Pro,2026-06-10,5000,2026-10-22
1541,Pro,2026-10-20,5000,
1542,Free,2026-05-30,0,
1543,Basic,2026-10-08,2000,2027-03-30
1544,Basic,2026-07-29,2000,2026-10-21
1545,Basic,2026-09-02,2000,
1546,Basic,2026-09-04,2000,
1547,Basic,2026-10-12,2000,
1548,Free,2026-12-16,0,2027-03-29
1549,Basic,2026-10-27,2000,
1550,Pro,2026-04-17,5000,
1551,Basic,2026-11-08,2000,2026-12-21
1552,Free,2026-01-11,0,2026-06-01
1553,Basic,2026-03-13,2000,2026-06-08
1554,Pro,2026-11-01,5000,
1555,Pro,2026-03-08,5000,
1556,Free,2026-02-17,0,2026-06-06
1557,Pro,2026-03-05,5000,
1558,Pro,2026-03-12,5000,
1559,Basic,2026-04-29,2000,
1560,Free,2026-07-17,0,
1561,Pro,2026-11-10,5000,2027-01-25
1562,Basic,2026-01-28,2000,2026-04-19
1563,Free,2026-01-16,0,
1564,Pro,2026-09-17,5000,
1565,Pro,2026-11-28,5000,
1566,Pro,2026-09-09,5000,
1567,Free,2026-04-14,0,2026-09-19
1568,Pro,2026-06-17,5000,
1569,Free,2026-07-29,0,
1570,Pro,2026-06-13,5000,
1571,Free,2026-01-02,0,2026-04-29
1572,Free,2026-08-05,0,
1573,Pro,2026-10-24,5000,
1574,Free,2026-08-25,0,
1575,Basic,2026-01-15,2000,
1576,Basic,2026-08-20,2000,
1577,Free,2026-07-01,0,
1578,Basic,2026-08-24,2000,
1579,Free,2026-05-16,0,
1580,Free,2026-07-23,0,
1581,Free,2026-05-06,0,2026-07-01
1582,Pro,2026-06-07,5000,
1583,Pro,2026-06-28,5000,
1584,Basic,2026-12-01,2000,
1585,Free,2026-08-05,0,2026-10-18
1586,Basic,2026-05-26,2000,2026-07-17
1587,Free,2026-12-17,0,2027-01-27
1588,Basic,2026-08-18,2000,2026-12-30
1589,Free,2026-06-28,0,
1590,Free,2026-11-29,0,
1591,Basic,2026-12-24,2000,
1592,Pro,2026-01-30,5000,
1593,Free,2026-10-20,0,2027-02-16
1594,Free,2026-04-23,0,
1595,Free,2026-09-16,0,
1596,Free,2026-09-30,0,
1597,Free,2026-11-17,0,
1598,Free,2026-09-26,0,
1599,Free,2026-03-06,0,2026-04-25
1600,Free,2026-07-21,0,
1601,Free,2026-10-12,0,
1602,Basic,2026-11-22,2000,2027-02-08
1603,Basic,2026-11-28,2000,2027-04-28
1604,Basic,2026-08-22,2000,2026-10-21
1605,Free,2026-09-20,0,
1606,Basic,2026-12-29,2000,2027-05-22
1607,Basic,2026-02-12,2000,2026-04-07
1608,Pro,2026-09-12,5000,
1609,Basic,2026-12-02,2000,2027-03-28
1610,Free,2026-05-23,0,
1611,Free,2026-01-22,0,
1612,Free,2026-12-08,0,
1613,Free,2026-03-02,0,2026-06-16
1614,Basic,2026-05-06,2000,2026-09-19
1615,Free,2026-12-25,0,
1616,Basic,2026-03-23,2000,2026-06-02
1617,Pro,2026-07-06,5000,
1618,Basic,2026-11-20,2000,
1619,Basic,2026-07-08,2000,
1620,Free,2026-08-24,0,
1621,Free,2026-11-24,0,
1622,Pro,2026-04-20,5000,2026-06-08
1623,Free,2026-05-18,0,2026-08-23
1624,Free,2026-01-08,0,2026-05-27
1625,Basic,2026-06-29,2000,
1626,Basic,2026-08-13,2000,
1627,Free,2026-02-17,0,
1628,Basic,2026-10-25,2000,
1629,Free,2026-09-05,0,
1630,Free,2026-04-26,0,2026-07-02
1631,Free,2026-03-23,0,2026-05-22
1632,Free,2026-02-09,0,2026-07-12
1633,Basic,2026-09-04,2000,2027-02-12
1634,Pro,2026-06-10,5000,
1635,Free,2026-03-04,0,
1636,Free,2026-09-23,0,
1637,Pro,2026-02-23,5000,
1638,Pro,2026-06-12,5000,2026-09-28
1639,Basic,2026-02-05,2000,
1640,Free,2026-08-02,0,2026-11-29
1641,Pro,2026-10-17,5000,2026-12-24
1642,Basic,2026-03-21,2000,
1643,Free,2026-04-23,0,2026-06-08
1644,Free,2026-03-10,0,2026-04-17
1645,Basic,2026-06-16,2000,
1646,Free,2026-11-16,0,2027-02-20
1647,Pro,2026-04-23,5000,
1648,Free,2026-08-07,0,
1649,Basic,2026-11-21,2000,
1650,Basic,2026-07-21,2000,
1651,Free,2026-02-14,0,
1652,Free,2026-07-11,0,
1653,Free,2026-02-13,0,
1654,Free,2026-11-03,0,
1655,Free,2026-12-28,0,
1656,Free,2026-07-04,0,
1657,Pro,2026-12-08,5000,2027-04-13
1658,Free,2026-11-24,0,
1659,Basic,2026-01-31,2000,
1660,Basic,2026-05-29,2000,
1661,Free,2026-12-12,0,
1662,Free,2026-10-08,0,
1663,Basic,2026-06-08,2000,
1664,Free,2026-09-02,0,
1665,Free,2026-10-18,0,
1666,Free,2026-01-17,0,2026-07-12
1667,Free,2026-05-18,0,
1668,Basic,2026-01-05,2000,2026-03-01
1669,Pro,2026-04-12,5000,
1670,Free,2026-09-24,0,
1671,Free,2026-05-04,0,
1672,Basic,2026-11-19,2000,
1673,Free,2026-03-09,0,
1674,Basic,2026-07-04,2000,2026-11-22
1675,Free,2026-05-13,0,
1676,Free,2026-03-11,0,
1677,Free,2026-06-06,0,
1678,Free,2026-07-06,0,
1679,Pro,2026-09-23,5000,2027-03-20
1680,Basic,2026-03-22,2000,2026-08-13
1681,Basic,2026-11-25,2000,
1682,Pro,2026-12-19,5000,2027-03-10
1683,Basic,2026-09-16,2000,2026-11-10
1684,Pro,2026-02-04,5000,
1685,Basic,2026-04-19,2000,
1686,Free,2026-03-17,0,
1687,Basic,2026-05-09,2000,
1688,Basic,2026-11-05,2000,
1689,Basic,2026-01-27,2000,
1690,Pro,2026-01-19,5000,
1691,Free,2026-09-07,0,
1692,Free,2026-05-16,0,2026-09-01
1693,Free,2026-01-11,0,
1694,Free,2026-08-08,0,
1695,Basic,2026-09-28,2000,
1696,Free,2026-04-15,0,
1697,Free,2026-10-01,0,
1698,Basic,2026-02-19,2000,
1699,Free,2026-08-24,0,
1700,Basic,2026-07-05,2000,
1701,Basic,2026-03-07,2000,2026-07-04
1702,Pro,2026-07-02,5000,
1703,Free,2026-03-23,0,
1704,Free,2026-11-30,0,
1705,Free,2026-02-05,0,2026-06-04
1706,Basic,2026-03-06,2000,
1707,Basic,2026-01-05,2000,
1708,Free,2026-01-24,0,
1709,Pro,2026-09-20,5000,
1710,Basic,2026-04-20,2000,
1711,Free,2026-12-30,0,
1712,Basic,2026-07-02,2000,2026-11-28
1713,Pro,2026-06-23,5000,
1714,Free,2026-01-19,0,2026-06-02
1715,Free,2026-08-20,0,
1716,Free,2026-03-14,0,
1717,Free,2026-11-09,0,
1718,Free,2026-12-11,0,
1719,Free,2026-02-08,0,
1720,Pro,2026-07-15,5000,
1721,Free,2026-07-20,0,2026-09-05
1722,Free,2026-11-17,0,
1723,Basic,2026-05-28,2000,
1724,Free,2026-07-05,0,2026-10-19
1725,Free,2026-10-08,0,
1726,Basic,2026-02-27,2000,
1727,Free,2026-12-20,0,2027-05-04
1728,Free,2026-07-27,0,2026-09-27
1729,Basic,2026-02-15,2000,
1730,Basic,2026-04-14,2000,
1731,Pro,2026-03-19,5000,2026-08-13
1732,Free,2026-10-31,0,
1733,Free,2026-03-12,0,
1734,Free,2026-11-10,0,
1735,Basic,2026-12-16,2000,
1736,Free,2026-07-16,0,2026-10-03
1737,Free,2026-12-14,0,2027-05-02
1738,Free,2026-12-06,0,
1739,Pro,2026-05-14,5000,2026-07-16
1740,Free,2026-10-29,0,
1741,Free,2026-04-13,0,
1742,Free,2026-03-30,0,
1743,Basic,2026-11-18,2000,2027-05-15
1744,Free,2026-10-22,0,
1745,Basic,2026-07-26,2000,
1746,Basic,2026-12-01,2000,
1747,Free,2026-12-11,0,
1748,Free,2026-07-30,0,
1749,Free,2026-07-05,0,
1750,Pro,2026-04-06,5000,
1751,Basic,2026-11-20,2000,
1752,Free,2026-08-10,0,2026-12-28
1753,Basic,2026-05-05,2000,
1754,Free,2026-05-29,0,2026-08-13
1755,Basic,2026-12-07,2000,
1756,Free,2026-09-11,0,2026-12-01
1757,Free,2026-04-03,0,
1758,Pro,2026-11-10,5000,
1759,Free,2026-12-24,0,
1760,Free,2026-04-20,0,
1761,Free,2026-03-05,0,
1762,Free,2026-01-14,0,
1763,Free,2026-04-28,0,
1764,Pro,2026-02-17,5000,
1765,Pro,2026-01-08,5000,
1766,Free,2026-02-15,0,2026-06-06
1767,Pro,2026-11-02,5000,2026-12-23
1768,Free,2026-05-14,0,
1769,Free,2026-09-04,0,
1770,Basic,2026-07-27,2000,2026-12-21
1771,Free,2026-10-08,0,
1772,Pro,2026-05-07,5000,2026-07-04
1773,Basic,2026-12-20,2000,
1774,Free,2026-05-17,0,2026-10-11
1775,Pro,2026-02-01,5000,
1776,Free,2026-12-06,0,2027-03-02
1777,Free,2026-09-21,0,
1778,Free,2026-07-10,0,
1779,Basic,2026-08-24,2000,
1780,Basic,2026-07-30,2000,
1781,Free,2026-07-07,0,
1782,Free,2026-03-20,0,
1783,Free,2026-06-06,0,2026-07-12
1784,Pro,2026-02-17,5000,
1785,Pro,2026-12-02,5000,
1786,Basic,2026-08-05,2000,2026-12-31
1787,Free,2026-03-05,0,
1788,Free,2026-01-26,0,
1789,Free,2026-05-24,0,2026-09-02
1790,Free,2026-07-20,0,2026-12-31
1791,Pro,2026-08-21,5000,
1792,Free,2026-03-08,0,
1793,Free,2026-01-19,0,
1794,Free,2026-02-28,0,
1795,Basic,2026-12-23,2000,2027-01-25
1796,Free,2026-02-25,0,
1797,Basic,2026-01-07,2000,
1798,Basic,2026-06-05,2000,2026-10-04
1799,Pro,2026-07-16,5000,2026-11-20
1800,Free,2026-05-14,0,
1801,Basic,2026-11-16,2000,
1802,Basic,2026-12-26,2000,
1803,Basic,2026-02-13,2000,2026-03-27
1804,Basic,2026-12-03,2000,2027-04-04
1805,Pro,2026-11-22,5000,
1806,Basic,2026-06-22,2000,
1807,Pro,2026-11-17,5000,
1808,Pro,2026-11-16,5000,2026-12-21
1809,Basic,2026-08-16,2000,
1810,Basic,2026-08-30,2000,2027-01-22
1811,Free,2026-07-28,0,
1812,Pro,2026-08-12,5000,
1813,Free,2026-11-05,0,2027-02-03
1814,Free,2026-02-07,0,
1815,Pro,2026-10-08,5000,
1816,Free,2026-10-07,0,
1817,Pro,2026-11-12,5000,
1818,Free,2026-04-08,0,
1819,Free,2026-06-28,0,
1820,Free,2026-08-31,0,
1821,Pro,2026-08-18,5000,2027-02-05
1822,Free,2026-09-06,0,2026-10-31
1823,Free,2026-01-31,0,2026-04-09
1824,Basic,2026-10-22,2000,
1825,Free,2026-10-30,0,
1826,Basic,2026-06-23,2000,2026-08-16
1827,Free,2026-11-03,0,
1828,Basic,2026-08-08,2000,2026-12-28
1829,Free,2026-03-08,0,
1830,Pro,2026-07-04,5000,
1831,Free,2026-12-22,0,
1832,Pro,2026-12-18,5000,
1833,Basic,2026-08-26,2000,2026-10-22
1834,Free,2026-11-06,0,
1835,Free,2026-03-24,0,
1836,Basic,2026-12-16,2000,2027-02-01
1837,Pro,2026-02-15,5000,2026-04-21
1838,Basic,2026-08-11,2000,
1839,Free,2026-02-22,0,
1840,Free,2026-08-09,0,
1841,Basic,2026-12-26,2000,
1842,Free,2026-07-31,0,
1843,Basic,2026-10-16,2000,2027-02-28
1844,Free,2026-02-16,0,
1845,Basic,2026-05-28,2000,
1846,Pro,2026-09-06,5000,
1847,Basic,2026-04-29,2000,2026-08-15
1848,Pro,2026-03-31,5000,
1849,Pro,2026-08-21,5000,
1850,Free,2026-02-25,0,
1851,Free,2026-12-13,0,
1852,Basic,2026-01-30,2000,
1853,Free,2026-12-14,0,
1854,Free,2026-02-14,0,
1855,Free,2026-07-01,0,
1856,Pro,2026-05-11,5000,
1857,Basic,2026-07-15,2000,
1858,Basic,2026-08-22,2000,
1859,Free,2026-03-06,0,
1860,Pro,2026-08-09,5000,2026-12-18
1861,Basic,2026-04-08,2000,2026-05-25
1862,Free,2026-07-15,0,
1863,Free,2026-06-04,0,2026-11-17
1864,Free,2026-12-10,0,
1865,Free,2026-12-10,0,
1866,Basic,2026-04-23,2000,
1867,Free,2026-11-30,0,2027-04-02
1868,Free,2026-12-22,0,2027-06-10
1869,Free,2026-04-05,0,2026-05-21
1870,Basic,2026-11-20,2000,
1871,Free,2026-10-03,0,
1872,Basic,2026-06-15,2000,
1873,Pro,2026-01-25,5000,
1874,Basic,2026-10-07,2000,
1875,Pro,2026-09-02,5000,2026-12-28
1876,Free,2026-01-13,0,2026-07-07
1877,Pro,2026-05-13,5000,
1878,Basic,2026-02-01,2000,
1879,Free,2026-01-17,0,2026-06-28
1880,Pro,2026-07-19,5000,
1881,Pro,2026-04-09,5000,
1882,Basic,2026-01-01,2000,2026-05-25
1883,Free,2026-02-01,0,2026-04-02
1884,Free,2026-01-04,0,2026-03-30
1885,Free,2026-01-13,0,
1886,Free,2026-02-23,0,
1887,Pro,2026-06-07,5000,2026-10-25
1888,Basic,2026-05-29,2000,
1889,Free,2026-09-28,0,2027-03-04
1890,Free,2026-06-04,0,2026-10-13
1891,Pro,2026-07-18,5000,
1892,Basic,2026-05-27,2000,
1893,Free,2026-01-29,0,
1894,Free,2026-12-05,0,
1895,Pro,2026-10-22,5000,
1896,Free,2026-02-28,0,2026-08-10
1897,Free,2026-05-25,0,
1898,Free,2026-11-08,0,
1899,Free,2026-04-30,0,
1900,Pro,2026-08-05,5000,
1901,Free,2026-12-14,0,
1902,Free,2026-07-04,0,
1903,Free,2026-02-25,0,
1904,Free,2026-07-24,0,
1905,Basic,2026-10-29,2000,
1906,Basic,2026-03-03,2000,
1907,Pro,2026-01-17,5000,
1908,Basic,2026-06-11,2000,
1909,Free,2026-06-23,0,2026-11-26
1910,Free,2026-01-22,0,
1911,Free,2026-07-12,0,2026-11-08
1912,Free,2026-08-09,0,
1913,Free,2026-04-24,0,
1914,Free,2026-02-12,0,
1915,Free,2026-06-17,0,
1916,Free,2026-07-03,0,2026-10-23
1917,Basic,2026-08-14,2000,2026-12-09
1918,Basic,2026-09-10,2000,
1919,Pro,2026-09-15,5000,2027-02-17
1920,Free,2026-07-17,0,2026-12-18
1921,Free,2026-03-01,0,2026-05-20
1922,Pro,2026-02-05,5000,
1923,Free,2026-05-26,0,
1924,Basic,2026-02-07,2000,
1925,Free,2026-08-26,0,2026-11-25
1926,Free,2026-03-22,0,2026-07-14
1927,Pro,2026-07-05,5000,2026-09-02
1928,Free,2026-03-25,0,
1929,Free,2026-02-18,0,
1930,Basic,2026-11-18,2000,
1931,Pro,2026-06-28,5000,
1932,Basic,2026-01-20,2000,
1933,Free,2026-11-17,0,
1934,Free,2026-07-12,0,
1935,Free,2026-01-22,0,
1936,Free,2026-01-20,0,
1937,Free,2026-10-02,0,2026-12-31
1938,Pro,2026-11-24,5000,
1939,Free,2026-08-27,0,
1940,Free,2026-07-27,0,
1941,Free,2026-11-03,0,2027-04-28
1942,Free,2026-04-06,0,
1943,Free,2026-11-01,0,
1944,Free,2026-12-01,0,
1945,Free,2026-08-03,0,
1946,Basic,2026-03-09,2000,
1947,Pro,2026-10-06,5000,
1948,Free,2026-10-12,0,
1949,Free,2026-06-30,0,
1950,Pro,2026-01-23,5000,2026-03-11
1951,Free,2026-06-15,0,
1952,Pro,2026-06-29,5000,
1953,Free,2026-10-09,0,
1954,Free,2026-02-14,0,
1955,Pro,2026-07-30,5000,2027-01-17
1956,Pro,2026-03-10,5000,
1957,Basic,2026-08-05,2000,
1958,Free,2026-04-22,0,
1959,Free,2026-09-23,0,
1960,Basic,2026-04-27,2000,
1961,Free,2026-09-03,0,
1962,Pro,2026-04-27,5000,
1963,Pro,2026-01-20,5000,2026-07-16
1964,Pro,2026-12-02,5000,
1965,Free,2026-04-02,0,2026-07-06
1966,Basic,2026-05-26,2000,
1967,Free,2026-12-25,0,
1968,Free,2026-03-10,0,2026-09-03
1969,Free,2026-06-06,0,
1970,Pro,2026-07-03,5000,
1971,Free,2026-04-13,0,
1972,Basic,2026-02-09,2000,
1973,Pro,2026-12-26,5000,
1974,Pro,2026-05-18,5000,
1975,Free,2026-01-08,0,
1976,Free,2026-05-26,0,2026-09-22
1977,Free,2026-01-19,0,
1978,Pro,2026-07-03,5000,
1979,Free,2026-05-21,0,2026-10-02
1980,Free,2026-06-30,0,2026-09-17
1981,Basic,2026-01-18,2000,
1982,Free,2026-01-21,0,
1983,Basic,2026-09-13,2000,2026-11-29
1984,Basic,2026-07-10,2000,
1985,Free,2026-09-15,0,
1986,Basic,2026-06-20,2000,
1987,Free,2026-01-12,0,
1988,Basic,2026-07-07,2000,
1989,Basic,2026-10-11,2000,
1990,Basic,2026-04-05,2000,
1991,Free,2026-10-07,0,
1992,Free,2026-12-20,0,
1993,Free,2026-07-30,0,
1994,Free,2026-04-05,0,
1995,Free,2026-05-25,0,2026-10-21
1996,Free,2026-07-24,0,
1997,Basic,2026-01-05,2000,2026-03-08
1998,Basic,2026-08-26,2000,
1999,Free,2026-07-19,0,2026-09-13
2000,Pro,2026-10-10,5000,
